group,_bin,mem_mb,cpu_pct_1core
parsl,2.0,13173.031,1095.012
parsl,4.0,12712.762,570.966
parsl,6.0,13077.73,1140.917
parsl,8.0,13184.871,757.155
parsl,10.0,13116.703,324.221
parsl,12.0,13270.656,1887.16
parsl,14.0,13422.285,301.941
parsl,16.0,12815.977,788.795
parsl,18.0,12997.133,1155.407
parsl,20.0,12949.242,329.303
parsl,22.0,12808.059,489.974
parsl,24.0,13283.922,1259.098
parsl,26.0,13137.789,558.896
parsl,28.0,12856.746,710.976
parsl,30.0,13221.027,1505.472
parsl,32.0,12890.094,982.651
parsl,34.0,13084.453,988.732
parsl,36.0,12997.281,208.475
parsl,38.0,12908.746,706.77
parsl,40.0,13231.02,1827.802
parsl,42.0,13231.02,0.0
parsl,44.0,13406.594,1889.879
parsl,46.0,13287.336,310.734
parsl,48.0,12697.371,440.441
parsl,50.0,13030.379,1487.557
parsl,52.0,13005.133,280.958
parsl,54.0,13260.438,1472.75
parsl,56.0,13489.879,530.255
parsl,58.0,12883.035,974.153
parsl,60.0,13332.332,980.552
parsl,62.0,13012.125,613.43
parsl,64.0,12930.152,983.945
parsl,66.0,13031.355,849.035
parsl,68.0,12968.559,250.94
parsl,70.0,12882.035,647.635
parsl,72.0,13549.27,1507.298
parsl,74.0,13092.566,1216.321
parsl,76.0,13332.961,1067.822
parsl,78.0,13020.836,239.389
parsl,80.0,12987.629,873.619
parsl,82.0,13141.5,979.318
parsl,84.0,13019.809,159.262
parsl,86.0,13087.699,1123.118
parsl,88.0,13202.68,1024.117
parsl,90.0,12970.16,732.335
parsl,92.0,13410.785,1152.128
parsl,94.0,13023.371,453.226
parsl,96.0,12907.16,566.308
parsl,98.0,13186.613,953.311
parsl,100.0,12754.125,706.459
parsl,102.0,13054.227,977.498
parsl,104.0,13244.207,742.364
parsl,106.0,12706.5,487.976
parsl,108.0,13105.453,916.668
parsl,110.0,12602.375,1157.004
parsl,112.0,12926.078,547.7
parsl,114.0,13242.965,1853.84
parsl,116.0,13125.504,686.532
parsl,118.0,13152.34,1979.166
parsl,120.0,13590.203,1544.27
parsl,122.0,13042.633,1998.336
parsl,124.0,13413.773,1323.24
parsl,126.0,13126.344,1366.803
parsl,128.0,13130.195,421.438
parsl,130.0,13012.34,1087.823
parsl,132.0,12944.336,3028.938
parsl,134.0,12944.336,0.0
parsl,136.0,13338.426,2634.317
parsl,138.0,13238.363,844.645
parsl,140.0,13217.016,2189.473
parsl,142.0,13469.566,1360.2
parsl,144.0,12927.527,934.39
parsl,146.0,13071.156,1713.767
parsl,148.0,13271.121,1273.691
parsl,150.0,13067.195,1113.202
parsl,152.0,13046.844,728.224
parsl,154.0,13346.844,2455.635
parsl,156.0,12922.762,1067.257
parsl,158.0,13356.547,1702.576
parsl,160.0,13170.445,1640.598
parsl,162.0,12992.137,1639.309
parsl,164.0,13429.426,1248.503
parsl,166.0,13129.699,1112.055
parsl,168.0,13207.027,1684.585
parsl,170.0,13288.844,1373.398
parsl,172.0,12789.289,1006.917
parsl,174.0,13331.641,1820.35
parsl,176.0,13583.223,876.844
parsl,178.0,12866.816,1104.951
parsl,180.0,13281.715,1837.247
parsl,182.0,13065.535,975.909
parsl,184.0,12997.359,904.229
parsl,186.0,13272.184,1441.593
parsl,188.0,13404.637,2342.345
parsl,190.0,13119.785,1252.238
parsl,192.0,13493.645,1873.373
parsl,194.0,13239.77,819.078
parsl,196.0,12995.578,1082.13
parsl,198.0,13500.871,2182.046
parsl,200.0,13059.695,1479.484
parsl,202.0,13383.902,1398.27
parsl,204.0,13356.398,1067.293
parsl,206.0,12954.965,898.167
parsl,208.0,13401.469,1632.709
parsl,210.0,13159.125,1713.702
parsl,212.0,12876.094,827.27
parsl,214.0,13162.57,1202.469
parsl,216.0,12839.824,2119.746
parsl,218.0,13089.98,856.939
parsl,220.0,13521.414,1624.596
parsl,222.0,13126.566,988.919
parsl,224.0,13401.25,2500.782
parsl,226.0,13479.281,1065.469
parsl,228.0,13183.434,1036.089
parsl,230.0,13338.277,2129.487
parsl,232.0,13294.523,845.513
parsl,234.0,12887.645,1049.71
parsl,236.0,13519.242,2301.535
parsl,238.0,13221.684,690.231
parsl,240.0,13015.496,1270.087
parsl,242.0,13428.715,1643.955
parsl,244.0,13060.609,1749.177
parsl,246.0,12808.855,727.215
parsl,248.0,12815.969,3444.582
parsl,250.0,12815.969,0.0
parsl,252.0,13360.891,2123.888
parsl,254.0,13239.887,1235.913
parsl,256.0,12981.035,1373.552
parsl,258.0,13352.516,1460.474
parsl,260.0,13163.895,2052.377
parsl,262.0,12957.246,818.802
parsl,264.0,13390.898,2100.97
parsl,266.0,12975.66,1358.739
parsl,268.0,13296.75,1386.17
parsl,270.0,13199.453,1310.666
parsl,272.0,12974.168,1067.347
parsl,274.0,13484.711,2430.445
parsl,276.0,13105.711,920.014
parsl,278.0,12972.902,1691.762
parsl,280.0,13258.684,1133.107
parsl,282.0,13034.277,1175.122
parsl,284.0,12882.781,1700.329
parsl,286.0,13148.227,998.001
parsl,288.0,13389.895,1384.394
parsl,290.0,13140.625,2312.396
parsl,292.0,13471.328,1350.004
parsl,294.0,12889.082,1136.952
parsl,296.0,12885.156,2180.673
parsl,298.0,13014.426,1380.552
parsl,300.0,13147.414,722.034
parsl,302.0,12864.809,766.111
parsl,304.0,13490.816,3053.694
parsl,306.0,13572.047,1084.487
parsl,308.0,13257.941,1810.752
parsl,310.0,13389.852,1824.615
parsl,312.0,12708.477,1194.365
parsl,314.0,12724.195,1138.369
parsl,316.0,12883.344,919.981
parsl,318.0,13076.902,1351.719
parsl,320.0,12963.406,1265.888
parsl,322.0,13296.145,1268.916
parsl,324.0,13421.305,2437.622
parsl,326.0,13007.371,1632.405
parsl,328.0,13226.758,1604.575
parsl,330.0,12742.641,1286.054
parsl,332.0,12807.879,987.701
parsl,334.0,12950.098,1468.012
parsl,336.0,12992.59,1898.553
parsl,338.0,13405.738,1354.862
parsl,340.0,13554.75,1521.142
parsl,342.0,13474.07,1362.207
parsl,344.0,13357.539,2380.467
parsl,346.0,12911.863,931.58
parsl,348.0,12848.062,1051.837
parsl,350.0,13033.152,1147.363
parsl,352.0,12924.418,1612.108
parsl,354.0,13293.688,977.177
parsl,356.0,13604.441,1457.317
parsl,358.0,13379.059,1252.674
parsl,360.0,13280.957,2607.981
parsl,362.0,12906.227,1072.648
parsl,364.0,12727.746,474.271
parsl,366.0,12993.293,1491.617
parsl,368.0,13266.168,807.916
parsl,370.0,13158.523,1329.508
parsl,372.0,13799.797,1741.917
parsl,374.0,12961.211,1740.67
parsl,376.0,13244.387,752.183
parsl,378.0,12730.645,1647.393
parsl,380.0,12711.793,811.272
parsl,382.0,12892.047,1089.336
parsl,384.0,13238.516,1370.576
parsl,386.0,13426.652,2175.69
parsl,388.0,13664.09,1354.678
parsl,390.0,13450.793,1347.012
parsl,392.0,13304.504,1596.22
parsl,394.0,12706.34,1545.202
parsl,396.0,12686.867,936.178
parsl,398.0,12896.418,956.623
parsl,400.0,13040.305,796.649
parsl,402.0,13576.723,1276.687
parsl,404.0,13443.922,2833.286
parsl,406.0,13594.094,1231.167
parsl,408.0,12690.527,1918.7
parsl,410.0,12681.488,629.631
parsl,412.0,12804.387,394.263
parsl,414.0,12930.93,1164.324
parsl,416.0,13127.066,1106.891
parsl,418.0,13631.973,1600.647
parsl,420.0,13532.594,1519.83
parsl,422.0,13342.184,1557.842
parsl,424.0,13608.691,1188.008
parsl,426.0,12666.938,881.244
parsl,428.0,12690.352,837.058
parsl,430.0,12689.695,602.671
parsl,432.0,12977.164,1505.738
parsl,434.0,13387.086,1185.808
parsl,436.0,13471.152,1424.169
parsl,438.0,13378.309,2268.071
parsl,440.0,13289.387,1191.372
parsl,442.0,13309.129,1001.126
parsl,444.0,12609.918,1426.086
parsl,446.0,12754.758,788.292
parsl,448.0,13115.902,1658.882
parsl,450.0,13586.297,1486.236
parsl,452.0,13585.469,1702.303
parsl,454.0,13541.555,1071.814
parsl,456.0,13313.406,2161.365
parsl,458.0,13074.953,983.123
parsl,460.0,12721.602,958.978
parsl,462.0,12898.301,1428.895
parsl,464.0,12898.301,0.0
parsl,466.0,13359.711,1435.972
parsl,468.0,13858.512,1620.352
parsl,470.0,13583.59,3039.139
parsl,472.0,13298.18,865.253
parsl,474.0,13069.789,877.613
parsl,476.0,12720.816,1407.639
parsl,478.0,12648.371,731.934
parsl,480.0,12831.164,847.596
parsl,482.0,13193.0,1094.596
parsl,484.0,13491.098,2618.329
parsl,486.0,13149.457,1088.487
parsl,488.0,13249.805,2418.415
parsl,490.0,12732.273,780.692
parsl,492.0,12717.93,764.941
parsl,494.0,12677.309,1430.362
parsl,496.0,12965.766,1154.166
parsl,498.0,13347.668,1407.702
parsl,500.0,13677.582,1203.554
parsl,502.0,13534.855,1773.654
parsl,504.0,13412.312,2287.96
parsl,506.0,12985.887,903.399
parsl,508.0,12677.934,568.511
parsl,510.0,12708.078,821.394
parsl,512.0,12785.582,770.542
parsl,514.0,13020.402,949.766
parsl,516.0,13405.848,2331.63
parsl,518.0,13739.129,1020.174
parsl,520.0,13416.59,1293.28
parsl,522.0,13293.133,1963.603
parsl,524.0,12770.555,984.307
parsl,526.0,12743.051,423.212
parsl,528.0,12954.68,1562.657
parsl,530.0,13323.887,1551.248
parsl,532.0,13537.656,694.641
parsl,534.0,13457.781,1252.301
parsl,536.0,13847.754,2030.558
parsl,538.0,13020.734,1040.081
parsl,540.0,13135.582,2262.006
parsl,542.0,12726.125,850.794
parsl,544.0,12914.789,929.916
parsl,546.0,13233.684,1366.787
parsl,548.0,13389.91,1284.329
parsl,550.0,13574.086,1344.056
parsl,552.0,12994.82,3020.808
parsl,554.0,13028.898,1150.003
parsl,556.0,12646.934,1218.121
parsl,558.0,12631.727,678.225
parsl,560.0,12795.648,1249.851
parsl,562.0,13097.156,1004.937
parsl,564.0,13599.23,1478.268
parsl,566.0,13594.73,2751.81
parsl,568.0,13461.309,1457.506
parsl,570.0,13014.305,898.193
parsl,572.0,12645.766,1459.895
parsl,574.0,12660.449,754.936
parsl,576.0,12790.875,1544.254
parsl,578.0,13089.281,1014.568
parsl,580.0,13586.645,1481.392
parsl,582.0,13257.113,2351.738
parsl,584.0,13450.719,1412.995
parsl,586.0,13453.547,791.09
parsl,588.0,12656.363,1843.744
parsl,590.0,12600.223,748.513
parsl,592.0,12755.523,770.522
parsl,594.0,13099.027,1284.093
parsl,596.0,13499.523,1251.094
parsl,598.0,13547.57,2671.651
parsl,600.0,13342.691,1311.07
parsl,602.0,13283.801,1781.844
parsl,604.0,12706.496,735.134
parsl,606.0,12805.008,932.791
parsl,608.0,12966.914,1297.031
parsl,610.0,13392.891,1622.187
parsl,612.0,13596.398,1688.419
parsl,614.0,13722.133,1075.257
parsl,616.0,13140.902,1214.93
parsl,618.0,13026.098,1305.882
parsl,620.0,12616.91,1613.562
parsl,622.0,12754.805,724.377
parsl,624.0,12877.246,882.804
parsl,626.0,13320.152,1558.416
parsl,628.0,13504.613,2521.173
parsl,630.0,13675.574,856.445
parsl,632.0,13209.582,1341.485
parsl,634.0,12953.93,1294.516
parsl,636.0,12629.574,572.087
parsl,638.0,12850.09,684.817
parsl,640.0,13045.602,1204.74
parsl,642.0,13582.656,1244.906
parsl,644.0,13890.109,2107.263
parsl,646.0,17344.449,1726.537
parsl,648.0,14241.902,1341.827
parsl,650.0,13130.707,1787.329
parsl,652.0,13292.262,398.854
parsl,654.0,13883.652,1116.648
parsl,656.0,13053.754,1268.022
parsl,658.0,13769.715,1353.164
parsl,660.0,14088.395,1094.873
parsl,662.0,14569.879,3167.402
parsl,664.0,12959.848,1316.642
parsl,666.0,12908.117,638.027
parsl,668.0,13081.0,432.617
parsl,670.0,15572.066,885.83
parsl,672.0,13067.961,1569.476
parsl,674.0,13940.008,1801.376
parsl,676.0,14040.188,1105.219
parsl,678.0,14352.164,1032.782
parsl,680.0,14972.293,1976.501
parsl,682.0,12927.891,999.526
parsl,684.0,13134.473,394.092
parsl,686.0,13441.324,323.92
parsl,688.0,13886.953,1819.382
parsl,690.0,13247.234,874.193
parsl,692.0,14250.445,2384.694
parsl,694.0,15948.047,1552.214
parsl,696.0,14600.656,1534.435
parsl,698.0,12906.609,1371.794
parsl,700.0,13000.203,414.631
parsl,702.0,13430.703,451.694
parsl,704.0,13784.48,1284.687
parsl,706.0,13669.758,2078.344
parsl,708.0,14090.113,1360.55
parsl,710.0,14082.984,1276.101
parsl,712.0,14484.277,2724.863
parsl,714.0,13170.367,814.579
parsl,716.0,13111.004,483.373
parsl,718.0,13904.281,1210.968
parsl,720.0,13118.379,1314.449
parsl,722.0,13822.285,1351.634
parsl,724.0,14218.109,919.631
parsl,726.0,14437.477,2176.607
parsl,728.0,14495.816,1967.885
parsl,730.0,13114.238,622.86
parsl,732.0,13158.594,825.852
parsl,734.0,13453.574,312.732
parsl,736.0,13905.594,1730.358
parsl,738.0,13332.211,935.176
parsl,740.0,14278.836,2229.674
parsl,742.0,15917.629,1556.441
parsl,744.0,14635.676,2005.889
parsl,746.0,13394.816,787.501
parsl,748.0,12963.863,725.205
parsl,750.0,13541.91,746.548
parsl,752.0,13331.086,1630.76
parsl,754.0,13435.258,1035.365
parsl,756.0,14135.629,1533.754
parsl,758.0,14270.922,930.78
parsl,760.0,14541.668,2437.224
parsl,762.0,13909.176,1063.881
parsl,764.0,13000.668,1136.879
parsl,766.0,14876.086,732.347
parsl,768.0,13699.734,640.829
parsl,770.0,13329.172,783.449
parsl,772.0,13388.578,1412.243
parsl,774.0,14208.234,1595.978
parsl,776.0,14231.574,2696.041
parsl,778.0,14189.398,1433.893
parsl,780.0,13018.832,1403.763
parsl,782.0,13450.457,571.904
parsl,784.0,13577.953,1280.473
parsl,786.0,13293.477,1474.611
parsl,788.0,13293.477,0.0
parsl,790.0,16370.93,3155.92
parsl,792.0,14213.688,1441.358
parsl,794.0,13778.062,1796.267
parsl,796.0,13042.164,1106.853
parsl,798.0,13296.098,344.707
parsl,800.0,13759.73,1498.513
parsl,802.0,12951.246,656.419
parsl,804.0,13586.34,1297.043
parsl,806.0,14496.805,2234.687
parsl,808.0,14109.844,1705.726
parsl,810.0,13477.477,1873.152
parsl,812.0,13608.254,483.574
parsl,814.0,13617.258,1383.388
parsl,816.0,13811.25,708.236
parsl,818.0,13187.766,1398.158
parsl,820.0,13579.941,778.907
parsl,822.0,14400.129,1432.693
parsl,824.0,14421.008,2719.459
parsl,826.0,14298.855,1372.209
parsl,828.0,13433.879,759.534
parsl,830.0,13805.883,1106.842
parsl,832.0,14091.363,811.311
parsl,834.0,13063.895,1268.378
parsl,836.0,13655.977,1277.456
parsl,838.0,14436.059,1296.666
parsl,840.0,13919.406,2258.32
parsl,842.0,13641.574,1467.933
parsl,844.0,13574.16,945.0
parsl,846.0,13446.992,1197.642
parsl,848.0,15501.594,794.489
parsl,850.0,13313.344,699.204
parsl,852.0,13743.281,2120.087
parsl,854.0,16204.121,1312.035
parsl,856.0,14518.461,1332.24
parsl,858.0,14071.676,1966.127
parsl,860.0,13378.23,1300.291
parsl,862.0,13169.977,586.467
parsl,864.0,13179.406,1689.965
parsl,866.0,12898.234,479.168
parsl,868.0,13457.52,1096.722
parsl,870.0,13895.781,954.743
parsl,872.0,14508.238,2872.792
parsl,874.0,13895.219,1425.221
parsl,876.0,13699.137,1071.24
parsl,878.0,13381.508,1304.81
parsl,880.0,13603.547,937.202
parsl,882.0,12998.121,1309.031
parsl,884.0,13484.156,1094.062
parsl,886.0,14142.777,1109.947
parsl,888.0,14618.859,1566.246
parsl,890.0,13364.125,3329.974
parsl,892.0,13437.219,714.183
parsl,894.0,13134.645,505.346
parsl,896.0,13511.078,936.574
parsl,898.0,13000.805,1667.042
parsl,900.0,13438.105,914.748
parsl,902.0,13922.824,1081.688
parsl,904.0,14674.906,2780.973
parsl,906.0,14092.461,1082.872
parsl,908.0,13911.082,1048.463
parsl,910.0,13402.727,1329.065
parsl,912.0,13549.258,771.722
parsl,914.0,13613.352,1399.945
parsl,916.0,13810.664,1453.478
parsl,918.0,14468.254,1196.161
parsl,920.0,14215.793,1444.746
parsl,922.0,14502.578,2438.308
parsl,924.0,13330.719,870.426
parsl,926.0,13148.195,442.403
parsl,928.0,13720.125,1463.898
parsl,930.0,13344.031,595.287
parsl,932.0,13101.559,567.959
parsl,934.0,14509.398,2646.701
parsl,936.0,14737.211,1597.227
parsl,938.0,13521.805,1812.04
parsl,940.0,13959.34,1416.783
parsl,942.0,13387.156,672.407
parsl,944.0,13812.387,1238.904
parsl,946.0,13309.387,550.875
parsl,948.0,13678.258,1734.296
parsl,950.0,14577.965,1321.476
parsl,952.0,14711.324,1210.668
parsl,954.0,13642.934,2516.235
parsl,956.0,13780.199,1304.041
parsl,958.0,13371.496,881.628
parsl,960.0,14245.18,1070.479
parsl,962.0,13241.754,663.229
parsl,964.0,13736.973,1876.517
parsl,966.0,14521.914,1307.842
parsl,968.0,14719.734,1522.455
parsl,970.0,13823.0,1158.554
parsl,972.0,13695.238,2091.19
parsl,974.0,13613.027,696.192
parsl,976.0,15729.281,965.735
parsl,978.0,13197.707,762.318
parsl,980.0,13378.516,1011.32
parsl,982.0,13831.125,601.073
parsl,984.0,15572.93,1687.081
parsl,986.0,14717.609,1406.918
parsl,988.0,13978.777,2890.08
parsl,990.0,13802.445,781.312
parsl,992.0,13693.191,1176.081
parsl,994.0,12732.914,791.905
parsl,996.0,13150.008,830.894
parsl,998.0,13565.961,644.04
parsl,1000.0,14552.578,3092.45
parsl,1002.0,13630.879,958.37
parsl,1004.0,13506.98,1370.686
parsl,1006.0,14161.367,1993.442
parsl,1008.0,13764.34,1234.323
parsl,1010.0,12716.746,609.647
parsl,1012.0,13061.578,583.489
parsl,1014.0,14099.602,1787.971
parsl,1016.0,14749.941,1422.175
parsl,1018.0,13651.805,1279.487
parsl,1020.0,13896.359,2277.786
parsl,1022.0,14834.91,1507.076
parsl,1024.0,14091.637,875.608
parsl,1026.0,12912.094,1146.931
parsl,1028.0,13185.578,422.432
parsl,1030.0,13725.402,790.811
parsl,1032.0,14272.91,3072.599
parsl,1034.0,13638.02,1236.523
parsl,1036.0,13865.938,1982.892
parsl,1038.0,14107.188,1179.842
parsl,1040.0,13637.48,794.558
parsl,1042.0,12880.816,630.599
parsl,1044.0,13247.562,684.185
parsl,1046.0,16173.328,1399.964
parsl,1048.0,14666.254,1557.862
parsl,1050.0,13581.551,2546.228
parsl,1052.0,13743.613,1044.478
parsl,1054.0,13938.078,1761.166
parsl,1056.0,13222.004,984.704
parsl,1058.0,12901.707,406.645
parsl,1060.0,13243.086,478.694
parsl,1062.0,13985.246,1406.107
parsl,1064.0,14636.102,1382.436
parsl,1066.0,13880.465,2883.78
parsl,1068.0,14140.004,1284.69
parsl,1070.0,13912.145,1273.891
parsl,1072.0,13225.32,1107.812
parsl,1074.0,12851.277,290.15
parsl,1076.0,13743.156,1420.359
parsl,1078.0,14429.445,1361.002
parsl,1080.0,14307.398,2232.26
parsl,1082.0,13874.875,1454.343
parsl,1084.0,13953.516,1080.682
parsl,1086.0,13989.934,1704.115
parsl,1088.0,13253.418,843.243
parsl,1090.0,12952.98,539.315
parsl,1092.0,13201.145,469.706
parsl,1094.0,16553.461,2924.075
parsl,1096.0,13997.523,1269.284
parsl,1098.0,13626.074,1093.525
parsl,1100.0,13770.75,2305.856
parsl,1102.0,14094.043,1287.838
parsl,1104.0,13144.109,659.836
parsl,1106.0,12839.266,672.808
parsl,1108.0,13800.504,1365.941
parsl,1110.0,14631.75,1768.757
parsl,1112.0,14034.227,1472.537
parsl,1114.0,13563.75,1009.3
parsl,1116.0,13772.09,1679.391
parsl,1118.0,15439.074,2109.315
parsl,1120.0,13148.551,499.158
parsl,1122.0,13031.797,650.465
parsl,1124.0,13844.277,1220.39
parsl,1126.0,14313.703,1403.858
parsl,1128.0,13965.434,2561.952
parsl,1130.0,14068.754,1460.108
parsl,1132.0,13817.344,1378.994
parsl,1134.0,13925.344,1059.154
parsl,1136.0,13389.711,1178.355
parsl,1138.0,13147.043,474.58
parsl,1140.0,13936.453,1442.48
parsl,1142.0,14439.117,1507.687
parsl,1144.0,14196.129,1414.984
parsl,1146.0,13553.816,2446.355
parsl,1148.0,13551.801,656.206
parsl,1150.0,13863.719,1012.939
parsl,1152.0,13387.195,1615.998
parsl,1154.0,13223.004,697.988
parsl,1156.0,14426.473,2299.629
parsl,1158.0,14367.328,831.568
parsl,1160.0,13967.957,1229.548
parsl,1162.0,13665.836,2109.418
parsl,1164.0,13775.754,1413.798
parsl,1166.0,13732.078,1064.271
parsl,1168.0,13456.488,688.498
parsl,1170.0,13590.379,634.563
parsl,1172.0,14199.43,2670.824
parsl,1174.0,14345.402,1597.644
parsl,1176.0,14148.16,1901.303
parsl,1178.0,13358.715,1020.373
parsl,1180.0,13191.684,988.115
parsl,1182.0,13483.699,1422.342
parsl,1184.0,13287.734,783.033
parsl,1186.0,13166.027,1057.383
parsl,1188.0,13715.551,1191.619
parsl,1190.0,14449.895,2168.366
parsl,1192.0,14059.578,1314.632
parsl,1194.0,13260.906,1481.831
parsl,1196.0,13336.809,1139.589
parsl,1198.0,14380.961,727.507
parsl,1200.0,13299.172,1737.681
parsl,1202.0,13181.09,912.37
parsl,1204.0,13984.832,1396.618
parsl,1206.0,14598.984,1147.033
parsl,1208.0,13958.828,1367.239
parsl,1210.0,13617.852,2577.941
parsl,1212.0,13538.77,1123.026
parsl,1214.0,13336.898,772.349
parsl,1216.0,13457.602,626.245
parsl,1218.0,12957.91,1214.128
parsl,1220.0,13640.324,1209.742
parsl,1222.0,14554.004,1588.099
parsl,1224.0,14277.48,1442.958
parsl,1226.0,14020.109,1807.492
parsl,1228.0,13552.062,1359.18
parsl,1230.0,13468.949,1594.64
parsl,1232.0,13340.938,526.485
parsl,1234.0,13240.121,725.361
parsl,1236.0,15689.559,1545.548
parsl,1238.0,14410.57,1790.712
parsl,1240.0,14401.766,1585.088
parsl,1242.0,13732.52,736.965
parsl,1244.0,13845.637,1339.278
parsl,1246.0,13422.602,1968.007
parsl,1248.0,13335.742,1157.42
parsl,1250.0,12904.883,554.505
parsl,1252.0,13232.992,443.682
parsl,1254.0,13773.746,1219.264
parsl,1256.0,14413.105,1688.175
parsl,1258.0,14354.934,1430.624
parsl,1260.0,13621.309,2511.417
parsl,1262.0,14026.23,1334.817
parsl,1264.0,14845.141,969.737
parsl,1266.0,13311.094,656.028
parsl,1268.0,13473.375,1335.001
parsl,1270.0,14222.816,1747.599
parsl,1272.0,14141.172,1142.856
parsl,1274.0,13722.934,2432.747
parsl,1276.0,13741.289,843.741
parsl,1278.0,13704.902,1948.512
parsl,1280.0,13310.07,791.91
parsl,1282.0,12971.52,906.762
parsl,1284.0,13330.121,366.476
parsl,1286.0,13860.605,1708.247
parsl,1288.0,13887.246,2663.095
parsl,1290.0,13520.633,1794.0
parsl,1292.0,14139.195,988.866
parsl,1294.0,14629.863,869.235
parsl,1296.0,12962.191,792.338
parsl,1298.0,12768.152,1153.795
parsl,1300.0,13446.938,1134.022
parsl,1302.0,13769.648,964.349
parsl,1304.0,13762.062,873.227
parsl,1306.0,13730.594,2564.245
parsl,1308.0,13490.117,813.565
parsl,1310.0,14206.359,2087.733
parsl,1312.0,13217.234,999.935
parsl,1314.0,12914.293,913.969
parsl,1316.0,14808.07,675.226
parsl,1318.0,13833.105,1064.798
parsl,1320.0,14005.258,2137.368
parsl,1322.0,13647.703,1109.419
parsl,1324.0,14276.402,2265.041
parsl,1326.0,13508.172,1499.587
parsl,1328.0,13862.496,1194.952
parsl,1330.0,12835.852,464.992
parsl,1332.0,13591.84,1193.901
parsl,1334.0,13572.113,1083.57
parsl,1336.0,14030.547,1482.093
parsl,1338.0,13870.43,2032.387
parsl,1340.0,14378.238,1370.013
parsl,1342.0,13724.844,1335.03
parsl,1344.0,13785.129,1307.622
parsl,1346.0,13132.883,1278.874
parsl,1348.0,13971.836,484.379
parsl,1350.0,13634.457,1791.378
parsl,1352.0,14100.66,1303.176
parsl,1354.0,13797.582,1264.315
parsl,1356.0,15024.957,1833.75
parsl,1358.0,14425.641,1147.636
parsl,1360.0,13631.664,1764.047
parsl,1362.0,12989.938,722.995
parsl,1364.0,13414.344,549.932
parsl,1366.0,14578.398,1489.3
parsl,1368.0,13816.543,1339.043
parsl,1370.0,14350.941,1844.227
parsl,1372.0,14231.332,1215.734
parsl,1374.0,14223.02,1572.377
parsl,1376.0,14113.062,1400.177
parsl,1378.0,12866.145,915.394
parsl,1380.0,15266.078,911.584
parsl,1382.0,13484.672,601.082
parsl,1384.0,13202.637,1803.924
parsl,1386.0,13954.281,1510.03
parsl,1388.0,14437.727,1086.059
parsl,1390.0,14067.723,2824.095
parsl,1392.0,13426.211,1178.183
parsl,1394.0,13073.012,594.067
parsl,1396.0,13502.676,514.48
parsl,1398.0,13407.078,1482.507
parsl,1400.0,13634.977,642.438
parsl,1402.0,14285.57,2494.562
parsl,1404.0,14421.832,1049.115
parsl,1406.0,14316.082,1189.149
parsl,1408.0,14250.82,2527.583
parsl,1410.0,13220.586,670.81
parsl,1412.0,15358.426,814.91
parsl,1414.0,13416.75,1355.827
parsl,1416.0,13407.285,1256.11
parsl,1418.0,13407.285,0.0
parsl,1420.0,14319.535,2778.2
parsl,1422.0,15783.539,1366.983
parsl,1424.0,13577.375,1917.312
parsl,1426.0,13732.262,669.639
parsl,1428.0,13554.273,1006.91
parsl,1430.0,15660.742,896.815
parsl,1432.0,13490.68,687.219
parsl,1434.0,13888.75,1620.728
parsl,1436.0,14853.289,1897.145
parsl,1438.0,14838.691,794.542
parsl,1440.0,13655.57,2420.055
parsl,1442.0,13954.895,892.624
parsl,1444.0,13530.41,1408.864
parsl,1446.0,14385.824,753.341
parsl,1448.0,13366.32,643.913
parsl,1450.0,13564.496,1260.539
parsl,1452.0,15035.898,886.077
parsl,1454.0,14766.758,2029.431
parsl,1456.0,14388.031,1363.235
parsl,1458.0,13718.504,2277.773
parsl,1460.0,13439.797,1114.62
parsl,1462.0,13487.879,696.773
parsl,1464.0,12972.973,1288.691
parsl,1466.0,13582.07,1192.54
parsl,1468.0,14099.949,1130.253
parsl,1470.0,14248.711,848.839
parsl,1472.0,13576.004,2665.154
parsl,1474.0,13467.043,862.253
parsl,1476.0,13460.473,2234.063
parsl,1478.0,15297.27,707.701
parsl,1480.0,13114.789,1024.699
parsl,1482.0,13705.555,1195.803
parsl,1484.0,14180.914,1078.332
parsl,1486.0,14415.992,2389.521
parsl,1488.0,14370.566,1180.966
parsl,1490.0,13446.402,870.374
parsl,1493.0,14030.797,1265.487
parsl,1495.0,13316.867,1629.949
parsl,1497.0,13067.473,949.954
parsl,1499.0,13923.09,1346.889
parsl,1501.0,14279.148,1010.319
parsl,1503.0,14407.297,1011.11
parsl,1505.0,14219.633,1884.381
parsl,1507.0,13762.016,2244.467
parsl,1509.0,13855.07,1201.866
parsl,1511.0,13450.559,1326.995
parsl,1513.0,12996.266,567.91
parsl,1515.0,13976.715,1533.133
parsl,1517.0,13976.715,0.0
parsl,1519.0,14609.035,2617.489
parsl,1521.0,14096.137,1280.142
parsl,1523.0,14186.734,2303.757
parsl,1525.0,13773.172,1136.002
parsl,1527.0,13299.246,826.206
parsl,1529.0,12869.891,699.379
parsl,1531.0,13593.801,1256.513
parsl,1533.0,13919.59,1412.422
parsl,1535.0,14444.555,1607.998
parsl,1537.0,13517.621,1329.888
parsl,1539.0,14150.98,1524.514
parsl,1541.0,14417.141,1190.157
parsl,1543.0,13306.93,1648.145
parsl,1545.0,13221.566,513.353
parsl,1547.0,13741.848,644.854
parsl,1549.0,15983.227,2283.746
parsl,1551.0,14306.984,1377.974
parsl,1553.0,13815.902,920.016
parsl,1555.0,13993.449,1345.05
parsl,1557.0,14176.594,2360.717
parsl,1559.0,13441.992,911.338
parsl,1561.0,12954.641,652.045
parsl,1563.0,13786.105,1594.787
parsl,1565.0,15316.777,1441.051
parsl,1567.0,14426.031,1506.055
parsl,1569.0,13907.922,1307.665
parsl,1571.0,14055.141,1804.756
parsl,1573.0,14292.391,1382.42
parsl,1575.0,13278.672,1030.892
parsl,1577.0,12982.309,629.226
parsl,1579.0,13337.336,462.193
parsl,1581.0,13908.961,2554.554
parsl,1583.0,14413.371,1390.954
parsl,1585.0,14018.168,1277.509
parsl,1587.0,14379.438,2189.371
parsl,1589.0,14177.094,784.291
parsl,1591.0,13685.48,1162.168
parsl,1593.0,13241.969,835.666
parsl,1595.0,13716.367,744.943
parsl,1597.0,13779.648,1235.835
parsl,1599.0,13685.77,2294.376
parsl,1601.0,13997.941,1619.459
parsl,1603.0,14397.602,1561.861
parsl,1605.0,14209.508,970.14
parsl,1607.0,12941.32,1659.503
parsl,1609.0,13239.523,366.519
parsl,1611.0,13597.398,1087.293
parsl,1613.0,13625.887,865.274
parsl,1615.0,14233.664,1733.383
parsl,1617.0,14135.633,1435.379
parsl,1619.0,14326.32,2335.717
parsl,1621.0,14898.848,1908.531
parsl,1623.0,12980.73,807.87
parsl,1625.0,13562.77,749.955
parsl,1627.0,13699.062,698.227
parsl,1629.0,13477.812,690.617
parsl,1631.0,13788.91,2605.787
parsl,1633.0,14296.082,1115.864
parsl,1635.0,14058.16,914.235
parsl,1637.0,14140.098,2733.279
parsl,1639.0,12954.789,1025.455
parsl,1641.0,13230.477,392.052
parsl,1643.0,13703.074,1233.894
parsl,1645.0,13812.562,1107.198
parsl,1647.0,13652.605,1566.693
parsl,1649.0,14352.992,1555.677
parsl,1651.0,14456.18,1616.264
parsl,1653.0,13941.457,2075.364
parsl,1655.0,13330.965,819.47
parsl,1657.0,13132.992,452.892
parsl,1659.0,13741.832,1385.416
parsl,1661.0,14087.453,773.912
parsl,1663.0,13571.754,2225.058
parsl,1665.0,14528.727,1721.137
parsl,1667.0,14520.723,1188.955
parsl,1669.0,13885.457,1531.376
parsl,1671.0,13772.531,1041.698
parsl,1673.0,13436.258,1346.633
parsl,1675.0,13703.551,940.166
parsl,1677.0,13821.832,1827.464
parsl,1679.0,13694.336,855.656
parsl,1681.0,14104.465,1907.253
parsl,1683.0,14710.574,1535.641
parsl,1685.0,13907.172,734.97
parsl,1687.0,13531.57,2085.936
parsl,1689.0,13457.797,600.464
parsl,1691.0,13640.008,838.601
parsl,1693.0,14207.746,686.697
parsl,1695.0,13747.902,2258.656
parsl,1697.0,14403.875,1380.244
parsl,1699.0,14574.82,1530.201
parsl,1701.0,14532.762,1449.567
parsl,1703.0,13433.516,1936.339
parsl,1705.0,13248.117,602.479
parsl,1707.0,13582.543,1000.914
parsl,1709.0,13627.27,1045.731
parsl,1711.0,13996.57,2016.886
parsl,1713.0,14031.199,916.804
parsl,1715.0,14107.84,1409.108
parsl,1717.0,14112.988,2708.214
parsl,1719.0,12827.293,816.282
parsl,1721.0,13005.914,316.123
parsl,1723.0,13470.09,1197.503
parsl,1725.0,13410.328,1125.235
parsl,1727.0,13424.742,1192.731
parsl,1729.0,14344.766,2144.877
parsl,1731.0,14174.23,1059.673
parsl,1733.0,14282.039,1041.104
parsl,1735.0,13858.336,1775.094
parsl,1737.0,13290.262,1058.697
parsl,1739.0,13660.844,521.757
parsl,1741.0,13425.887,1255.042
parsl,1743.0,13632.578,1455.45
parsl,1745.0,14110.301,1007.901
parsl,1747.0,13919.504,2169.915
parsl,1749.0,13840.816,1306.455
parsl,1751.0,13537.902,1706.341
parsl,1753.0,13058.957,457.669
parsl,1755.0,13444.562,280.757
parsl,1757.0,13245.617,1659.156
parsl,1759.0,13311.047,1133.336
parsl,1761.0,14150.176,1694.685
parsl,1763.0,14552.863,1182.014
parsl,1765.0,13680.477,2079.55
parsl,1767.0,13821.039,1146.807
parsl,1769.0,13082.938,1524.294
parsl,1771.0,13784.098,688.216
parsl,1773.0,13704.734,1038.415
parsl,1775.0,13142.961,839.878
parsl,1777.0,13629.566,1380.918
parsl,1779.0,14640.48,2377.998
parsl,1781.0,13674.508,1627.648
parsl,1783.0,13735.652,1070.652
parsl,1785.0,13279.051,977.736
parsl,1787.0,13626.109,1289.906
parsl,1789.0,13163.473,1035.68
parsl,1791.0,13007.828,646.857
parsl,1793.0,13415.188,723.836
parsl,1795.0,14649.383,1804.465
parsl,1797.0,13789.34,2428.305
parsl,1799.0,13835.145,2109.53
parsl,1801.0,13518.352,712.768
parsl,1803.0,13534.527,923.186
parsl,1805.0,13179.121,781.822
parsl,1807.0,13002.812,712.365
parsl,1809.0,13989.16,1584.587
parsl,1811.0,14599.406,1220.453
parsl,1813.0,14792.871,1444.343
parsl,1815.0,13596.254,1478.076
parsl,1817.0,13775.523,2260.222
parsl,1819.0,13743.137,1249.868
parsl,1821.0,13265.84,793.681
parsl,1823.0,12991.309,506.754
parsl,1825.0,13944.293,1196.231
parsl,1827.0,14498.297,1464.544
parsl,1829.0,14254.633,1954.194
parsl,1831.0,13636.023,1370.024
parsl,1833.0,14082.273,1005.105
parsl,1835.0,15672.633,1111.919
parsl,1837.0,13781.109,1048.287
parsl,1839.0,12996.168,933.578
parsl,1841.0,13549.766,642.643
parsl,1843.0,14121.82,1559.402
parsl,1845.0,14177.957,1763.253
parsl,1847.0,13736.184,1144.315
parsl,1849.0,14141.75,1280.498
parsl,1851.0,14238.934,2478.777
parsl,1853.0,13585.293,658.772
parsl,1855.0,12944.328,870.608
parsl,1857.0,13704.195,1077.267
parsl,1859.0,13922.91,977.582
parsl,1861.0,13573.004,1806.372
parsl,1863.0,13669.645,1666.764
parsl,1865.0,14065.801,1338.129
parsl,1867.0,14582.379,1831.878
parsl,1869.0,13443.406,1069.43
parsl,1871.0,12960.918,831.278
parsl,1873.0,13190.234,271.169
parsl,1875.0,13355.727,2071.889
parsl,1877.0,13414.508,1129.057
parsl,1879.0,14063.496,1384.039
parsl,1881.0,14318.742,1820.009
parsl,1883.0,14276.336,1190.953
parsl,1885.0,13343.141,1888.294
parsl,1887.0,12993.918,527.477
parsl,1889.0,13653.617,1224.977
parsl,1891.0,13945.91,903.416
parsl,1893.0,13167.34,957.931
parsl,1895.0,14255.375,2436.269
parsl,1897.0,15897.199,1469.113
parsl,1899.0,14566.133,1930.306
parsl,1901.0,13150.941,1279.255
parsl,1903.0,13017.703,555.125
parsl,1905.0,13281.965,462.205
parsl,1907.0,13424.965,1822.796
parsl,1909.0,13082.617,487.941
parsl,1911.0,13654.781,1086.671
parsl,1913.0,14477.984,1448.749
parsl,1915.0,14434.633,2611.751
parsl,1917.0,14356.242,1098.615
parsl,1919.0,12969.691,929.718
parsl,1921.0,14880.797,1017.923
parsl,1923.0,13778.059,873.827
parsl,1925.0,12849.656,792.008
parsl,1927.0,13330.363,736.39
parsl,1929.0,15447.98,2766.371
parsl,1931.0,14337.637,1003.71
parsl,1933.0,13551.238,1080.442
parsl,1935.0,13502.562,2332.778
parsl,1937.0,13114.113,351.913
parsl,1939.0,13688.07,1740.679
parsl,1941.0,12797.781,420.23
parsl,1943.0,13555.391,1220.3
parsl,1945.0,16120.52,1233.574
parsl,1947.0,14790.453,1549.045
parsl,1949.0,13409.836,2217.757
parsl,1951.0,13870.047,1295.934
parsl,1953.0,14073.539,914.983
parsl,1955.0,13791.797,884.616
parsl,1957.0,12921.938,1313.592
parsl,1959.0,13207.262,479.355
parsl,1961.0,13617.48,593.437
parsl,1963.0,14303.805,3133.712
parsl,1965.0,13799.699,848.855
parsl,1967.0,13843.523,2249.349
parsl,1969.0,14227.777,973.384
parsl,1971.0,13749.695,1237.726
parsl,1973.0,13032.602,1050.686
parsl,1975.0,13475.477,760.454
parsl,1977.0,14871.836,925.695
parsl,1979.0,13631.141,2170.883
parsl,1981.0,13704.734,1238.578
parsl,1983.0,13572.145,1740.463
parsl,1985.0,16091.051,1620.094
parsl,1987.0,13092.898,1094.421
parsl,1989.0,13052.223,809.026
parsl,1991.0,13716.742,1160.079
parsl,1993.0,14495.395,1419.35
parsl,1995.0,13953.02,1250.09
parsl,1997.0,13609.418,1331.661
parsl,1999.0,13656.789,1857.456
parsl,2001.0,14460.781,1567.074
parsl,2003.0,13609.348,1087.008
parsl,2005.0,12954.199,601.876
parsl,2007.0,13818.348,1260.347
parsl,2009.0,14404.699,1671.93
parsl,2011.0,13515.449,1798.055
parsl,2013.0,14111.316,1670.735
parsl,2015.0,13787.941,1203.96
parsl,2017.0,14140.469,1008.271
parsl,2019.0,12832.898,1602.145
parsl,2021.0,13089.137,486.181
parsl,2023.0,13441.371,638.046
parsl,2025.0,14378.863,2528.133
parsl,2027.0,13625.078,907.404
parsl,2029.0,13778.367,1293.449
parsl,2031.0,13603.453,1250.317
parsl,2033.0,14079.496,2701.94
parsl,2035.0,12766.965,541.927
parsl,2037.0,13266.094,706.638
parsl,2039.0,14226.441,1043.329
parsl,2041.0,13914.324,2235.633
parsl,2043.0,13651.871,1034.242
parsl,2045.0,13977.527,1380.19
parsl,2047.0,15138.594,2140.828
parsl,2049.0,14214.137,1218.167
parsl,2051.0,13421.43,715.57
parsl,2053.0,13437.242,1400.727
parsl,2055.0,13829.023,672.562
parsl,2057.0,15344.918,1419.338
parsl,2059.0,13673.176,2396.128
parsl,2061.0,14027.82,1085.739
parsl,2063.0,14014.395,579.294
parsl,2065.0,14258.922,2499.756
parsl,2067.0,12893.172,684.045
parsl,2069.0,13231.062,817.697
parsl,2071.0,14544.496,2140.505
parsl,2073.0,14231.5,910.813
parsl,2075.0,14047.555,2428.461
parsl,2077.0,14048.211,1121.003
parsl,2079.0,13877.008,1003.707
parsl,2081.0,13584.027,1636.342
parsl,2083.0,12836.609,494.186
parsl,2085.0,13126.688,591.087
parsl,2087.0,14225.52,2041.065
parsl,2089.0,13859.961,1384.604
parsl,2091.0,13600.547,1773.464
parsl,2093.0,13701.461,1289.305
parsl,2095.0,14212.656,1156.266
parsl,2097.0,13492.418,2141.718
parsl,2099.0,12982.898,640.838
parsl,2101.0,13592.754,1185.53
parsl,2103.0,14402.57,1514.461
parsl,2105.0,13961.297,1386.166
parsl,2107.0,13949.391,878.597
parsl,2109.0,13817.684,2150.896
parsl,2111.0,14033.09,1897.951
parsl,2113.0,13460.664,742.94
parsl,2115.0,13150.23,799.302
parsl,2117.0,13627.93,792.4
parsl,2119.0,14237.379,1351.604
parsl,2121.0,14279.277,2582.893
parsl,2123.0,14148.438,1356.515
parsl,2125.0,13852.566,1295.323
parsl,2127.0,14206.145,1566.423
parsl,2129.0,13361.648,919.124
parsl,2131.0,12972.105,722.972
parsl,2133.0,15110.684,1453.119
parsl,2135.0,14323.375,1051.36
parsl,2137.0,13886.211,1088.036
parsl,2139.0,14152.68,1662.45
parsl,2141.0,14046.652,2399.665
parsl,2143.0,14137.57,1315.463
parsl,2145.0,13940.875,676.8
parsl,2147.0,13150.938,1077.839
parsl,2149.0,13585.562,778.114
parsl,2151.0,14028.215,990.544
parsl,2153.0,14160.504,2782.764
parsl,2155.0,13930.949,1498.712
parsl,2157.0,13692.09,1153.273
parsl,2159.0,14042.461,1693.111
parsl,2161.0,13190.543,1022.386
parsl,2163.0,13041.766,579.19
parsl,2165.0,13834.676,1430.306
parsl,2167.0,14016.273,1995.842
parsl,2169.0,13825.684,721.448
parsl,2171.0,13776.508,1513.877
parsl,2173.0,13706.5,1868.766
parsl,2175.0,13883.348,1105.189
parsl,2177.0,12761.715,1534.886
parsl,2179.0,12925.625,336.514
parsl,2181.0,13888.816,1854.042
parsl,2183.0,15737.598,1137.423
parsl,2185.0,13856.43,841.278
parsl,2187.0,14333.094,2756.825
parsl,2189.0,14077.418,1109.446
parsl,2191.0,14240.363,1218.887
parsl,2193.0,12858.477,1164.774
parsl,2195.0,13516.176,1018.327
parsl,2197.0,14094.539,1466.373
parsl,2199.0,16180.953,839.07
parsl,2201.0,14021.191,1144.835
parsl,2203.0,14000.234,1565.464
parsl,2205.0,14091.629,1201.766
parsl,2207.0,13732.027,2495.894
parsl,2209.0,13314.508,354.791
parsl,2211.0,13211.91,865.666
parsl,2213.0,13714.621,723.723
parsl,2215.0,14236.965,2635.469
parsl,2217.0,13698.441,824.919
parsl,2219.0,14012.555,2200.426
parsl,2221.0,13988.867,1093.536
parsl,2223.0,13433.969,2232.406
parsl,2225.0,13435.434,306.925
parsl,2227.0,13101.156,395.897
parsl,2229.0,14147.512,1831.707
parsl,2231.0,14938.789,1136.669
parsl,2233.0,14282.027,1504.04
parsl,2235.0,14114.609,2514.806
parsl,2237.0,13974.777,1670.184
parsl,2239.0,13783.285,1045.331
parsl,2241.0,13429.02,533.718
parsl,2243.0,13556.352,1180.145
parsl,2245.0,14152.699,1219.519
parsl,2247.0,14210.258,1488.059
parsl,2249.0,13683.508,1790.417
parsl,2251.0,13960.395,1892.892
parsl,2253.0,14063.777,1619.587
parsl,2255.0,13437.176,852.678
parsl,2257.0,12891.488,834.166
parsl,2259.0,13425.34,712.596
parsl,2261.0,13898.031,876.857
parsl,2263.0,14202.926,945.519
parsl,2265.0,13786.445,2914.215
parsl,2267.0,13759.641,1203.968
parsl,2269.0,15619.5,1727.538
parsl,2271.0,14889.867,986.128
parsl,2273.0,12889.922,1088.607
parsl,2275.0,13388.281,648.832
parsl,2277.0,13893.887,920.35
parsl,2279.0,16307.773,1622.138
parsl,2281.0,14280.371,1521.458
parsl,2283.0,13913.117,1512.119
parsl,2285.0,14032.738,1336.453
parsl,2287.0,13304.188,2068.609
parsl,2289.0,12769.387,569.076
parsl,2291.0,13150.938,568.916
parsl,2293.0,14200.953,893.35
parsl,2295.0,14397.16,1732.537
parsl,2297.0,13787.527,2179.078
parsl,2299.0,13910.09,2065.624
parsl,2301.0,13868.617,731.422
parsl,2303.0,13375.062,1773.223
parsl,2305.0,12965.844,905.592
parsl,2307.0,13240.809,277.538
parsl,2309.0,13728.766,743.75
parsl,2311.0,14387.402,2996.254
parsl,2313.0,13851.152,871.504
parsl,2315.0,13847.949,1396.952
parsl,2317.0,13931.41,1526.889
parsl,2319.0,13235.145,1836.323
parsl,2321.0,13268.508,462.595
parsl,2323.0,13248.305,975.765
parsl,2325.0,13670.723,740.611
parsl,2327.0,14820.07,1257.885
parsl,2329.0,14386.992,1649.373
parsl,2331.0,13996.246,2716.1
parsl,2333.0,14294.664,1366.027
parsl,2335.0,13167.273,1029.297
parsl,2337.0,13202.32,522.854
parsl,2339.0,15564.926,1147.819
parsl,2341.0,13820.855,664.578
parsl,2343.0,13858.809,1297.184
parsl,2345.0,14270.457,1476.928
parsl,2347.0,14005.707,2273.807
parsl,2349.0,14006.129,1552.004
parsl,2351.0,13780.57,1222.152
parsl,2353.0,12921.234,1046.075
parsl,2355.0,13216.629,630.453
parsl,2357.0,13632.473,940.765
parsl,2359.0,14044.516,1819.008
parsl,2361.0,13971.535,1588.991
parsl,2363.0,13487.562,834.212
parsl,2365.0,14249.508,2855.385
parsl,2367.0,14338.172,1082.419
parsl,2369.0,13227.727,788.888
parsl,2371.0,13425.398,1104.071
parsl,2373.0,13515.25,566.414
parsl,2375.0,14084.062,2364.015
parsl,2377.0,14131.855,1223.71
parsl,2379.0,13966.926,1878.932
parsl,2381.0,13681.293,1982.97
parsl,2383.0,14027.234,782.115
parsl,2385.0,12877.324,877.411
parsl,2387.0,13365.047,881.028
parsl,2389.0,13638.594,687.163
parsl,2391.0,14633.062,672.809
parsl,2393.0,14039.688,2722.461
parsl,2395.0,14143.082,787.982
parsl,2397.0,13752.156,2221.449
parsl,2399.0,15220.73,1134.456
parsl,2401.0,13996.59,895.718
parsl,2403.0,13114.703,628.255
parsl,2405.0,13159.727,1427.415
parsl,2407.0,13514.484,812.795
parsl,2409.0,13480.918,1225.192
parsl,2411.0,15867.078,1334.024
parsl,2413.0,13785.293,2165.528
parsl,2415.0,14391.043,1915.919
parsl,2417.0,13504.746,1048.872
parsl,2419.0,13488.414,1042.448
parsl,2421.0,13132.828,636.245
parsl,2423.0,13590.125,852.826
parsl,2425.0,13855.016,1724.273
parsl,2427.0,14526.574,1389.191
parsl,2429.0,13713.426,1260.292
parsl,2431.0,14145.484,1787.252
parsl,2433.0,13465.562,1436.153
parsl,2435.0,13331.805,956.913
parsl,2437.0,13117.457,922.796
parsl,2439.0,13300.629,769.947
parsl,2441.0,13811.984,1584.012
parsl,2443.0,14223.137,1269.273
parsl,2445.0,13954.848,1075.86
parsl,2447.0,14196.121,2578.384
parsl,2449.0,14341.895,817.642
parsl,2451.0,13330.547,1011.481
parsl,2453.0,13231.18,1112.805
parsl,2455.0,13562.777,773.917
parsl,2457.0,13852.699,1906.976
parsl,2459.0,13857.465,1661.115
parsl,2461.0,14047.953,830.887
parsl,2463.0,14317.254,950.173
parsl,2465.0,13925.109,3115.563
parsl,2467.0,12830.613,923.018
parsl,2469.0,13031.359,348.884
parsl,2471.0,13412.117,684.835
parsl,2473.0,13725.535,1745.515
parsl,2475.0,13798.711,1785.085
parsl,2477.0,14021.527,1024.476
parsl,2479.0,14170.848,1252.34
parsl,2481.0,15300.152,2639.672
parsl,2483.0,13446.742,782.116
parsl,2485.0,12947.777,574.492
parsl,2487.0,13424.375,1165.371
parsl,2489.0,13265.156,654.031
parsl,2491.0,13843.461,1248.988
parsl,2493.0,14066.574,2875.346
parsl,2495.0,14126.02,1340.263
parsl,2497.0,15698.633,2108.351
parsl,2499.0,13344.504,830.158
parsl,2501.0,13020.535,395.057
parsl,2503.0,13718.012,1247.118
parsl,2505.0,13850.621,1332.671
parsl,2507.0,14182.734,1142.663
parsl,2509.0,14215.02,1387.399
parsl,2511.0,14411.875,2533.608
parsl,2513.0,14173.797,1053.676
parsl,2515.0,13374.805,1147.19
parsl,2517.0,13322.648,764.002
parsl,2519.0,13406.102,641.643
parsl,2521.0,13536.023,1536.247
parsl,2523.0,13800.406,734.609
parsl,2525.0,14473.742,2515.639
parsl,2527.0,14068.691,1444.358
parsl,2529.0,14126.555,1593.172
parsl,2531.0,13044.945,1742.871
parsl,2533.0,13524.352,504.945
parsl,2535.0,13571.379,536.118
parsl,2537.0,13533.027,745.552
parsl,2539.0,13864.367,1266.849
parsl,2541.0,14173.891,2214.905
parsl,2543.0,14207.309,1737.101
parsl,2545.0,13862.766,1261.619
parsl,2547.0,13854.797,1912.11
parsl,2549.0,13260.914,645.221
parsl,2551.0,13038.367,1043.334
parsl,2553.0,13553.035,1077.275
parsl,2555.0,13654.082,772.538
parsl,2557.0,15995.453,2457.679
parsl,2559.0,14043.121,1281.479
parsl,2561.0,13612.672,832.872
parsl,2563.0,13906.156,2371.768
parsl,2565.0,13213.051,557.708
parsl,2567.0,13210.844,1209.107
parsl,2569.0,13803.297,1284.751
parsl,2571.0,13608.316,1056.488
parsl,2573.0,15762.461,2104.557
parsl,2575.0,13747.496,1929.747
parsl,2577.0,14171.688,1520.265
parsl,2579.0,13316.609,874.422
parsl,2581.0,13409.16,564.865
parsl,2583.0,13262.125,1326.849
parsl,2585.0,13855.93,1514.355
parsl,2587.0,13953.465,1324.783
parsl,2589.0,14132.156,1699.771
parsl,2591.0,14279.031,1089.837
parsl,2593.0,14076.254,1253.893
parsl,2595.0,13316.195,1806.738
parsl,2597.0,13326.281,479.775
parsl,2599.0,13301.148,1286.505
parsl,2601.0,13738.461,955.578
parsl,2603.0,14254.5,2279.919
parsl,2605.0,14710.746,1142.416
parsl,2607.0,14074.949,2469.63
parsl,2609.0,14531.613,1061.663
parsl,2611.0,13927.664,695.365
parsl,2613.0,13438.094,1454.733
parsl,2615.0,13198.605,378.471
parsl,2617.0,13383.719,1928.488
parsl,2619.0,14142.926,1137.096
parsl,2621.0,14410.191,1271.104
parsl,2623.0,13527.797,1478.639
parsl,2625.0,14121.82,2171.584
parsl,2627.0,13821.652,647.636
parsl,2629.0,13380.457,976.507
parsl,2631.0,15248.617,908.384
parsl,2633.0,13738.691,904.204
parsl,2635.0,13738.723,740.844
parsl,2637.0,14232.605,1449.193
parsl,2639.0,14255.207,2439.678
parsl,2641.0,14106.18,1689.068
parsl,2643.0,13930.398,1599.639
parsl,2645.0,13505.992,791.277
parsl,2647.0,13085.738,390.91
parsl,2649.0,13821.582,1560.737
parsl,2651.0,13821.586,969.354
parsl,2653.0,14235.031,1364.411
parsl,2655.0,16510.953,3110.918
parsl,2657.0,13939.641,1252.476
parsl,2659.0,13874.609,1285.828
parsl,2661.0,12928.094,829.407
parsl,2663.0,13252.484,468.656
parsl,2665.0,13692.992,1538.056
parsl,2667.0,13983.137,1180.322
parsl,2669.0,13839.109,1401.0
parsl,2671.0,14529.996,2384.714
parsl,2673.0,14348.203,1330.079
parsl,2675.0,13699.371,1398.56
parsl,2677.0,12925.176,500.878
parsl,2679.0,13692.629,976.775
parsl,2681.0,14031.164,834.359
parsl,2683.0,14182.105,2060.565
parsl,2685.0,13921.375,1304.249
parsl,2687.0,14531.398,1796.808
parsl,2689.0,14050.941,1743.523
parsl,2691.0,13754.539,1162.554
parsl,2693.0,13065.879,687.796
parsl,2695.0,14645.988,828.096
parsl,2697.0,14055.305,2169.244
parsl,2699.0,14298.117,1506.06
parsl,2701.0,14007.137,863.057
parsl,2703.0,14276.055,1289.942
parsl,2705.0,14259.777,1708.552
parsl,2707.0,12942.574,1757.868
parsl,2709.0,13131.508,269.558
parsl,2711.0,13447.812,416.114
parsl,2713.0,14522.926,2321.291
parsl,2715.0,14538.402,1490.963
parsl,2717.0,13845.707,982.056
parsl,2719.0,14239.824,2244.071
parsl,2721.0,15804.129,1552.411
parsl,2723.0,13453.984,685.034
parsl,2725.0,13052.637,904.193
parsl,2727.0,13557.895,463.198
parsl,2729.0,14107.543,2005.723
parsl,2731.0,13616.801,1591.056
parsl,2733.0,13649.055,1457.928
parsl,2735.0,14158.617,1594.34
parsl,2737.0,13484.605,2249.83
parsl,2739.0,12831.234,760.511
parsl,2741.0,13006.074,353.887
parsl,2743.0,14653.754,633.649
parsl,2745.0,14086.211,1300.782
parsl,2747.0,13765.836,1750.095
parsl,2749.0,13988.938,1131.205
parsl,2751.0,13850.23,1242.686
parsl,2753.0,14341.121,2449.154
parsl,2755.0,12936.066,1125.383
parsl,2757.0,13279.281,468.992
parsl,2759.0,15371.012,494.973
parsl,2761.0,13912.098,1016.473
parsl,2763.0,13398.668,1578.152
parsl,2765.0,14156.477,2204.685
parsl,2767.0,15924.23,1337.167
parsl,2769.0,14044.25,2290.211
parsl,2771.0,12805.547,575.906
parsl,2773.0,12976.684,509.851
parsl,2775.0,14296.375,726.368
parsl,2777.0,13583.004,1980.912
parsl,2779.0,13765.305,1470.303
parsl,2781.0,14146.699,1246.319
parsl,2783.0,13993.699,1616.79
parsl,2785.0,13911.801,2180.476
parsl,2787.0,12880.418,842.267
parsl,2789.0,13024.281,427.212
parsl,2791.0,13637.297,801.805
parsl,2793.0,13810.301,708.787
parsl,2795.0,13548.871,1898.322
parsl,2797.0,14166.977,1299.899
parsl,2799.0,14617.098,1658.371
parsl,2801.0,13876.172,1495.313
parsl,2803.0,13294.668,1252.673
parsl,2805.0,13588.246,738.768
parsl,2807.0,15068.285,832.554
parsl,2809.0,13499.785,1632.73
parsl,2811.0,13361.055,1032.321
parsl,2813.0,13796.539,776.798
parsl,2815.0,14475.363,2573.747
parsl,2817.0,14215.008,1094.058
parsl,2819.0,13381.262,910.994
parsl,2821.0,13646.77,1653.601
parsl,2823.0,13420.004,606.472
parsl,2825.0,13363.121,1473.287
parsl,2827.0,13391.477,1271.514
parsl,2829.0,13899.984,739.231
parsl,2831.0,14445.656,2373.369
parsl,2833.0,14316.871,1117.264
parsl,2835.0,13286.086,1880.121
parsl,2837.0,13332.031,1260.321
parsl,2839.0,13499.547,764.572
parsl,2841.0,13391.508,1170.552
parsl,2843.0,13357.215,1082.253
parsl,2845.0,13762.578,811.438
parsl,2847.0,14667.754,2795.367
parsl,2849.0,14583.848,1144.992
parsl,2851.0,13294.043,2350.322
parsl,2853.0,13123.805,450.402
parsl,2855.0,13823.246,1102.223
parsl,2857.0,13398.43,1052.585
parsl,2859.0,13362.887,916.087
parsl,2861.0,14143.887,1491.768
parsl,2863.0,14250.477,2259.525
parsl,2865.0,14187.105,1901.649
parsl,2867.0,13392.273,1086.641
parsl,2869.0,13270.582,733.171
parsl,2871.0,13498.391,817.27
parsl,2873.0,13461.148,1279.138
parsl,2875.0,13582.062,1295.372
parsl,2877.0,14159.566,1048.129
parsl,2879.0,14321.297,2497.275
parsl,2881.0,14254.043,1628.986
parsl,2883.0,13203.832,1233.029
parsl,2885.0,13189.066,575.079
parsl,2887.0,13547.355,887.841
parsl,2889.0,13421.973,1044.36
parsl,2891.0,13229.27,937.449
parsl,2893.0,16450.527,2622.298
parsl,2895.0,14492.496,1122.419
parsl,2897.0,13772.645,1036.51
parsl,2899.0,13571.637,2474.229
parsl,2901.0,14947.652,765.578
parsl,2903.0,13309.516,502.151
parsl,2905.0,13322.062,759.732
parsl,2907.0,13625.156,1896.621
parsl,2909.0,15595.734,1638.769
parsl,2911.0,14564.75,1421.561
parsl,2913.0,15023.605,1095.919
parsl,2915.0,13549.73,2363.502
parsl,2917.0,14833.117,709.183
parsl,2919.0,13483.047,559.656
parsl,2921.0,13640.938,1527.469
parsl,2923.0,13655.043,1150.467
parsl,2925.0,14207.75,927.307
parsl,2927.0,13754.973,2895.089
parsl,2929.0,14111.227,1684.944
parsl,2931.0,13351.559,845.836
parsl,2933.0,13355.055,1049.068
parsl,2935.0,12980.074,604.504
parsl,2937.0,13551.5,1403.981
parsl,2939.0,13458.504,1263.257
parsl,2941.0,14143.43,1286.932
parsl,2944.0,14318.629,2176.91
parsl,2946.0,14069.438,2482.052
parsl,2948.0,13295.883,675.607
parsl,2950.0,13141.086,312.715
parsl,2952.0,13178.777,1420.948
parsl,2954.0,13497.43,709.86
parsl,2956.0,13645.41,1858.707
parsl,2958.0,14452.25,1768.44
parsl,2960.0,14157.691,1299.814
parsl,2962.0,14059.922,1393.965
parsl,2964.0,13911.574,1431.75
parsl,2966.0,13324.984,1380.553
parsl,2968.0,12837.863,407.256
parsl,2970.0,13401.719,835.972
parsl,2972.0,13786.129,2272.969
parsl,2974.0,15548.387,986.971
parsl,2976.0,13903.891,2374.998
parsl,2978.0,14036.578,1377.848
parsl,2980.0,13293.98,1397.353
parsl,2982.0,13314.988,621.049
parsl,2984.0,13179.316,608.875
parsl,2986.0,13767.129,871.551
parsl,2988.0,13774.203,2082.24
parsl,2990.0,14502.766,1569.803
parsl,2992.0,13763.738,2184.568
parsl,2994.0,14329.949,1403.194
parsl,2996.0,13305.309,1027.137
parsl,2998.0,13329.637,507.757
parsl,3000.0,13258.078,1141.774
parsl,3002.0,13538.082,939.52
parsl,3004.0,13713.691,1507.816
parsl,3006.0,14429.91,2305.827
parsl,3008.0,14170.41,1339.488
parsl,3010.0,15851.605,1182.727
parsl,3012.0,13008.414,1582.217
parsl,3014.0,14643.191,616.468
parsl,3016.0,13062.41,812.035
parsl,3018.0,13966.551,1721.036
parsl,3020.0,13943.57,1012.855
parsl,3022.0,14697.828,1191.568
parsl,3024.0,13938.602,2424.51
parsl,3026.0,15774.715,1032.806
parsl,3028.0,13206.34,1518.659
parsl,3030.0,13595.293,886.66
parsl,3032.0,13402.305,788.419
parsl,3034.0,13572.484,780.336
parsl,3036.0,13680.586,1337.741
parsl,3038.0,14138.871,2593.613
parsl,3040.0,13669.531,1706.364
parsl,3042.0,14393.227,1431.72
parsl,3044.0,13042.422,1130.118
parsl,3046.0,13391.586,934.55
parsl,3048.0,13036.434,412.449
parsl,3050.0,13067.027,1469.039
parsl,3052.0,15131.195,1573.774
parsl,3054.0,14530.449,1703.279
parsl,3056.0,13903.551,785.05
parsl,3058.0,14355.844,2294.432
parsl,3060.0,13529.023,1188.955
parsl,3062.0,13426.098,754.586
parsl,3064.0,13260.863,875.033
parsl,3066.0,13586.387,1049.088
parsl,3068.0,13874.84,1361.082
parsl,3070.0,14433.449,1503.864
parsl,3072.0,13706.094,1514.683
parsl,3074.0,14163.578,1529.624
parsl,3076.0,13508.039,1848.95
parsl,3078.0,13384.262,811.669
parsl,3080.0,13078.699,575.897
parsl,3082.0,13574.406,1258.5
parsl,3084.0,13893.387,1327.997
parsl,3086.0,14481.848,2072.471
parsl,3088.0,13813.152,1450.383
parsl,3090.0,14169.578,1457.993
parsl,3092.0,13302.711,1541.038
parsl,3094.0,13448.98,679.168
parsl,3096.0,13580.348,436.228
parsl,3098.0,13511.297,1371.542
parsl,3100.0,13615.898,1153.362
parsl,3102.0,14355.367,1497.275
parsl,3104.0,14178.898,1226.582
parsl,3106.0,14145.297,2395.286
parsl,3108.0,13612.109,1367.997
parsl,3110.0,13374.082,943.38
parsl,3112.0,13225.074,946.971
parsl,3114.0,13478.422,952.98
parsl,3116.0,13599.562,1295.273
parsl,3118.0,14451.379,1939.095
parsl,3120.0,13620.52,841.874
parsl,3122.0,14117.227,2916.839
parsl,3124.0,13624.383,1011.306
parsl,3126.0,13360.418,1073.626
parsl,3128.0,13200.809,538.73
parsl,3130.0,13503.656,888.411
parsl,3132.0,13559.488,1250.489
parsl,3134.0,14334.25,2221.844
parsl,3136.0,13878.691,1445.286
parsl,3138.0,14147.027,2010.672
parsl,3140.0,13463.242,863.059
parsl,3142.0,13383.828,1372.402
parsl,3144.0,13449.457,851.252
parsl,3146.0,13632.062,939.818
parsl,3148.0,13998.113,1548.237
parsl,3150.0,14435.402,1032.894
parsl,3152.0,14339.027,1298.494
parsl,3154.0,14214.902,2771.863
parsl,3156.0,13479.773,1232.132
parsl,3158.0,13320.273,899.624
parsl,3160.0,15272.199,993.312
parsl,3162.0,13780.816,1066.157
parsl,3164.0,13737.387,982.929
parsl,3166.0,14334.969,2094.562
parsl,3168.0,13703.984,1059.459
parsl,3170.0,14154.012,2603.727
parsl,3172.0,13560.988,825.997
parsl,3174.0,13469.383,986.725
parsl,3176.0,13256.883,497.563
parsl,3178.0,13696.211,1193.102
parsl,3180.0,16271.977,2187.249
parsl,3182.0,14476.93,1301.067
parsl,3184.0,13490.414,880.637
parsl,3186.0,14256.77,1793.683
parsl,3188.0,13315.918,1199.858
parsl,3190.0,13348.016,1197.33
parsl,3192.0,13308.77,549.15
parsl,3194.0,13399.027,852.051
parsl,3196.0,13288.617,681.32
parsl,3198.0,14058.762,1770.454
parsl,3200.0,13881.207,2768.586
parsl,3202.0,14183.363,1344.233
parsl,3204.0,13702.863,1181.405
parsl,3206.0,13363.238,1199.349
parsl,3208.0,13035.773,478.871
parsl,3210.0,13105.445,1422.345
parsl,3212.0,13691.449,982.77
parsl,3214.0,13968.371,1184.468
parsl,3216.0,14006.762,2396.093
parsl,3218.0,14157.582,1542.476
parsl,3220.0,13831.535,1197.692
parsl,3222.0,13320.633,1206.502
parsl,3224.0,14466.039,705.78
parsl,3226.0,12830.039,980.79
parsl,3228.0,13292.535,445.024
parsl,3230.0,13523.891,1870.414
parsl,3232.0,14169.387,1317.995
parsl,3234.0,14406.992,1187.54
parsl,3236.0,14037.648,1999.862
parsl,3238.0,14339.594,1257.716
parsl,3240.0,13212.094,1542.454
parsl,3242.0,13251.875,415.83
parsl,3244.0,13505.117,1234.513
parsl,3246.0,13676.324,436.895
parsl,3248.0,14718.082,1059.794
parsl,3250.0,13873.43,2398.366
parsl,3252.0,14310.832,1186.149
parsl,3254.0,13703.121,2383.385
parsl,3256.0,13972.027,930.675
parsl,3258.0,13055.562,928.363
parsl,3260.0,14674.539,578.502
parsl,3262.0,13534.402,1695.4
parsl,3264.0,14055.062,1617.344
parsl,3266.0,13963.906,1422.184
parsl,3268.0,14387.273,1818.16
parsl,3270.0,13654.352,1486.697
parsl,3272.0,13854.496,1072.219
parsl,3274.0,12905.844,850.045
parsl,3276.0,13364.512,755.547
parsl,3278.0,13187.789,1015.141
parsl,3280.0,13859.207,1322.133
parsl,3282.0,14004.945,2194.273
parsl,3284.0,14297.059,1416.558
parsl,3286.0,13839.539,1234.098
parsl,3288.0,13688.781,2044.015
parsl,3290.0,13179.895,590.656
parsl,3292.0,13561.691,1009.288
parsl,3294.0,13498.68,857.45
parsl,3296.0,13907.805,1168.539
parsl,3298.0,14156.137,2264.892
parsl,3300.0,14307.629,1572.25
parsl,3302.0,13716.414,1464.756
parsl,3304.0,13207.23,1727.456
parsl,3306.0,13131.152,269.961
parsl,3308.0,13426.879,738.44
parsl,3310.0,13792.879,2028.924
parsl,3312.0,13676.098,1336.075
parsl,3314.0,13697.641,997.977
parsl,3316.0,14145.5,1533.258
parsl,3318.0,13774.594,2528.508
parsl,3320.0,13626.023,657.393
parsl,3322.0,13070.207,624.861
parsl,3324.0,15427.215,711.374
parsl,3326.0,13816.516,2130.429
parsl,3328.0,13999.801,1411.223
parsl,3330.0,13992.82,1029.664
parsl,3332.0,14128.422,1663.553
parsl,3334.0,13987.617,1694.912
parsl,3336.0,13562.957,638.42
parsl,3338.0,12639.879,194.827
parsl,3340.0,12639.414,95.12
parsl,3342.0,13159.207,1043.553
parsl,3344.0,13748.91,1309.197
parsl,3346.0,13524.219,637.276
parsl,3348.0,13354.641,1453.949
parsl,3350.0,13152.695,1358.805
parsl,3352.0,12650.41,244.379
parsl,3354.0,12632.832,81.129
parsl,3356.0,12810.84,265.786
parsl,3358.0,13159.723,885.462
parsl,3360.0,13538.863,1294.077
parsl,3362.0,13224.027,1939.78
parsl,3364.0,13360.082,1107.1
parsl,3366.0,12881.77,744.728
parsl,3368.0,12552.711,230.998
parsl,3370.0,12549.305,44.561
parsl,3372.0,12794.562,387.874
parsl,3374.0,13102.293,753.923
parsl,3376.0,13433.898,1902.297
parsl,3378.0,13126.82,1311.66
parsl,3380.0,13320.961,1253.88
parsl,3382.0,12560.43,429.623
parsl,3384.0,12564.609,99.115
parsl,3386.0,12562.746,52.786
parsl,3388.0,12940.207,945.43
parsl,3390.0,12940.207,0.0
parsl,3392.0,13381.016,2289.966
parsl,3394.0,13248.332,1535.625
parsl,3396.0,13463.586,899.856
